{
    "$schema": "http://schema.management.azure.com/schemas/2015-01-01/deploymentTemplate.json#",
    "contentVersion": "1.0.0.0",
    "parameters": {
        "subscriptionId": {
            "type": "string"
        },
        "name": {
            "type": "string"
        },
        "location": {
            "type": "string"
        },
        "environmentId": {
            "type": "string"
        },
        "containers": {
            "type": "array"
        },
        "secrets": {
            "type": "secureObject",
            "defaultValue": {
                "arrayValue": []
            }
        },
        "registries": {
            "type": "array"
        },
        "ingress": {
            "type": "object"
        },
        "environmentName": {
            "type": "string"
        },
        "workspaceName": {
            "type": "string"
        },
        "workspaceLocation": {
            "type": "string"
        }
    },
    "resources": [
        {
            "apiVersion": "2024-02-02-preview",
            "name": "[parameters('name')]",
            "type": "Microsoft.App/containerapps",
            "kind": "containerapps",
            "location": "[parameters('location')]",
            "dependsOn": [
                "[concat('Microsoft.App/managedEnvironments/', parameters('environmentName'))]"
            ],
            "properties": {
                "environmentId": "[parameters('environmentId')]",
                "configuration": {
                    "secrets": "[parameters('secrets').arrayValue]",
                    "registries": "[parameters('registries')]",
                    "activeRevisionsMode": "Single",
                    "ingress": "[parameters('ingress')]"
                },
                "template": {
                    "containers": "[parameters('containers')]",
                    "scale": {
                        "minReplicas": 0
                    }
                },
                "workloadProfileName": "Consumption"
            }
        },
        {
            "apiVersion": "2024-02-02-preview",
            "name": "[parameters('environmentName')]",
            "type": "Microsoft.App/managedEnvironments",
            "location": "[parameters('location')]",
            "dependsOn": [
                "[concat('Microsoft.OperationalInsights/workspaces/', parameters('workspaceName'))]"
            ],
            "properties": {
                "appLogsConfiguration": {
                    "destination": "log-analytics",
                    "logAnalyticsConfiguration": {
                        "customerId": "[reference(concat('Microsoft.OperationalInsights/workspaces/', parameters('workspaceName')), '2020-08-01').customerId]",
                        "sharedKey": "[listKeys(concat('Microsoft.OperationalInsights/workspaces/', parameters('workspaceName')), '2020-08-01').primarySharedKey]"
                    }
                },
                "workloadProfiles": [
                    {
                        "name": "Consumption",
                        "workloadProfileType": "Consumption"
                    }
                ]
            }
        },
        {
            "apiVersion": "2020-08-01",
            "name": "[parameters('workspaceName')]",
            "type": "Microsoft.OperationalInsights/workspaces",
            "location": "[parameters('workspaceLocation')]",
            "dependsOn": [],
            "properties": {
                "sku": {
                    "name": "PerGB2018"
                },
                "retentionInDays": 30,
                "workspaceCapping": {}
            }
        }
    ]
}